customer_id,first_name,last_name,dob,email,phone,address,tax_id,created_at
CUST-0001,Danielle,Johnson,1959-03-19,donaldgarcia@example.net,+61405174340,"6 Anthony Driveway, North Anna",407180549,2024-07-23T18:45:35Z
CUST-0002,Jennifer,Miles,1969-01-14,zlawrence@example.org,+61462080028,"6 Ramirez Driveway, Curtisfurt",497152584,2024-08-17T20:29:40Z
CUST-0003,Colin,Abbott,1981-07-25,blairamanda@example.com,+61460826028,"4 Ray Tor, North Donnaport",742965141,2025-02-10T01:49:39Z
CUST-0004,Tracie,Wyatt,1999-06-07,,+61402571223,"53 Miles Subway, West Amandabury",651987628,2025-04-19T03:00:22Z
CUST-0005,Frank,Gray,2007-10-19,gabriellecameron@example.org,+61449979283,"564 Jason Ring, Jasonfort",770562394,2024-02-14T04:05:06Z
CUST-0006,Randall,Rocha,1971-09-18,,+61458259639,"53/871 Michelle Cove, Port Candace",522984920,2026-01-06T21:53:55Z
CUST-0007,Paul,Carlson,1972-05-03,tasha01@example.net,+61414402146,"146/704 William Circlet, Meaganhaven",980704510,2026-02-28T10:18:56Z
CUST-0008,Chelsea,Hernandez,1992-05-12,georgetracy@example.org,+61420598114,"Level 3 391 Jessica Bridge, West Donna",202803387,2026-01-22T05:20:35Z
CUST-0009,Stacey,Martin,1976-05-23,ibrandt@example.net,+61466568938,"4 Carney Spur, Samuelhaven",238195160,2024-05-06T09:54:55Z
CUST-0010,Shannon,Wright,1944-11-12,,+61480157097,"031 Michele Broadway, New Elizabeth",644039226,2025-09-30T03:03:33Z
CUST-0011,Jason,Anderson,2004-02-16,esanchez@example.com,+61424406109,"165 Jenkins Trunkway, East Brucemouth",504720337,2026-05-01T22:13:08Z
CUST-0012,Lauren,Rodriguez,1953-07-16,ltaylor@example.com,+61477748016,"Unit 17 1 Denise Reserve, East Sarabury",165724465,2025-12-26T21:45:52Z
CUST-0013,Gabriel,Tucker,1955-01-17,kbarrera@example.com,+61422243383,"47 Henderson Turn, Mooreport",417999149,2025-09-27T21:11:42Z
CUST-0014,Jeff,Brown,1990-07-17,adkinsbrian@example.net,+61470095574,"Suite 081 191 Richard Ring, North Christine",769501711,2026-03-22T02:43:25Z
CUST-0015,Robert,Silva,1976-01-23,james53@example.com,+61487776718,"Suite 475 079 Charles Drive, Davidstad",797665273,2024-08-09T21:46:40Z
CUST-0016,Nicole,Suarez,1965-08-21,samueldaniels@example.com,+61412629714,"8 Huynh Circle, New Darrell",768670213,2025-03-24T00:26:18Z
CUST-0017,Daniel,Tran,1959-01-12,jenniferharris@example.net,+61497092546,"4/164 Adam Walkway, New Evan",455703813,2025-08-01T04:44:38Z
CUST-0018,Scott,Thornton,1978-08-27,jonesnicole@example.org,+61489135361,"98 Russell Beach, Michaelton",852859605,2025-04-12T17:55:35Z
CUST-0019,Rachel,Clark,1957-06-24,gomezanita@example.com,+61416956806,"226 Harry Grove, Phambury",186062031,2024-04-27T12:21:57Z
CUST-0020,Joseph,Cobb,1947-11-11,garrisonjeffrey@example.com,+61406723938,"Level 3 036 Ramirez Bridge, Michaelhaven",735019865,2025-10-04T10:35:59Z
CUST-0021,Ricardo,Zavala,1976-12-21,wilsontara@example.org,+61497749200,"Apt. 196 56 Paul River, New Bradley",299724558,2024-08-16T01:59:30Z
CUST-0022,Ryan,Meyer,1995-05-10,michaeljones@example.net,+61409442366,"148/65 Terry Ride, South Robert",692673086,2024-08-26T19:52:30Z
CUST-0023,Shelby,Byrd,2001-11-25,richard04@example.com,+61439863486,"99 Marshall Parade, St. Laura",631425008,2023-12-28T10:50:09Z
CUST-0024,Susan,Fitzgerald,1985-04-24,zachary95@example.org,+61495989581,"4 Lindsay Court, North Johnfort",565996871,2026-05-24T06:46:35Z
CUST-0025,Cheryl,Mack,1971-06-25,jennifercruz@example.com,+61455690194,"016 Gregory Tollway, Williamsbury",746243647,2024-05-04T20:57:17Z
CUST-0026,Samantha,Martinez,1949-07-30,jcontreras@example.net,+61448066206,"9/8 Rivas Retreat, Merrittfort",236533496,2024-09-13T20:51:38Z
CUST-0027,Shannon,Walton,1997-08-15,katie87@example.net,+61489228424,"71 Young Grove, Patricialand",885032243,2026-01-29T03:05:53Z
CUST-0028,Devon,Hall,1987-09-13,calebrussell@example.net,+61441275053,"03/69 Melissa Wade, Woodsstad",216974256,2024-07-29T04:30:52Z
CUST-0029,Kenneth,Price,2001-02-21,vmedina@example.net,+61457008201,"34 Tucker Line, Elizabethfurt",575749932,2024-11-11T22:37:03Z
CUST-0030,Jennifer,Pittman,2003-01-15,meadowsbrittany@example.net,+61419671937,"627 Brent Laneway, Jasonmouth",102705257,2026-03-19T19:28:26Z
CUST-0031,Matthew,Hobbs,1959-06-08,fking@example.com,+61416916008,"8 Zoe Highway, East Kimberly",888760781,2026-06-18T11:42:25Z
CUST-0032,Denise,Webster,2005-01-31,maryhowell@example.org,+61415910320,"19 Steven Fire Track, Garyville",870172477,2025-01-06T05:51:52Z
CUST-0033,Kimberly,Martin,1961-08-30,hickmanbarbara@example.com,+61434760513,"Unit 19 3 Heidi Gardens, North Michaelchester",909857021,2024-07-16T07:23:21Z
CUST-0034,Doris,Jones,1984-07-18,atkinsonlynn@example.org,+61445635561,"726/849 Marshall Turn, Marcusbury",514029397,2026-04-07T22:47:02Z
CUST-0035,Mariah,Miller,2000-06-18,karenhudson@example.net,+61412475936,"075/735 Peterson Roadside, Angelahaven",870662831,2025-12-06T09:16:01Z
CUST-0036,Stacy,Miller,1989-06-23,ppeters@example.net,+61426036675,"7/143 Holt Gate, Thomashaven",835563707,2023-11-21T03:02:31Z
CUST-0037,Maurice,Barajas,1977-12-08,jacqueline44@example.com,+61454151811,"351 James Upper, Hillshire",379517278,2024-11-04T02:39:10Z
CUST-0038,Tiffany,Warren,1959-10-03,wallkenneth@example.com,+61454855148,"08 Joshua Boulevard, Heidiberg",959493501,2025-08-04T09:30:45Z
CUST-0039,Dana,Mullins,1947-06-27,andrewstaylor@example.com,+61446573141,"Suite 047 167 Barbara Tarn, West Edwardshire",155664392,2025-12-27T04:25:38Z
CUST-0040,Stacy,Miller,1957-05-22,yobrien@example.net,+61423868002,"6 Kerr Garden, Torreston",940997733,2024-03-10T17:09:51Z
CUST-0041,Chelsea,Singh,2004-12-12,colleenbaker@example.org,+61494785998,"281 Aaron Parklands, Carterbury",892052769,2023-10-21T22:08:23Z
CUST-0042,Keith,Campbell,1998-12-19,mcdanielsandra@example.net,+61489879209,"18 Deborah Follow, East Brian",350638683,2023-10-28T13:04:50Z
CUST-0043,Laura,Larson,1996-07-23,scott74@example.net,+61429787640,"Level 8 7 Miller Beach, Navarroview",470870392,2025-12-25T16:07:00Z
CUST-0044,Anthony,Perez,1986-05-13,,+61451509740,"787 White Riviera, Waltersfort",983404444,2025-06-02T15:48:47Z
CUST-0045,Tanya,Harrison,1968-04-12,elizabeth25@example.com,+61408145987,"Level 6 0 Miller Fairway, Darrellfurt",592114865,2025-02-07T21:46:16Z
CUST-0046,Michelle,Bryan,1940-08-03,mgutierrez@example.net,+61412883267,"7/348 Sara Outlook, Martinezbury",129211865,2026-06-11T04:07:40Z
CUST-0047,Jennifer,Collins,1941-06-10,hdavis@example.com,+61482308905,"2 Cantu Frontage, Robertfort",648506906,2024-01-08T05:39:45Z
CUST-0048,Tina,Sanchez,1977-12-30,mlee@example.net,+61467845789,"465 Hoover Freeway, Maryshire",219761653,2024-11-20T11:25:08Z
CUST-0049,Yolanda,Burns,1950-08-13,jreed@example.net,+61435365356,"5/396 Melissa Mall, Lake Juliefurt",335814535,2026-02-22T07:39:26Z
CUST-0050,Paul,Alvarado,1996-04-27,tylerjohnson@example.net,+61452492511,"Flat 71 7 Jennifer Lower, East Terrance",266011009,2025-10-23T23:46:39Z
CUST-0051,Tanya,Morgan,1987-08-13,christianmelissa@example.net,+61414549604,"780/1 Crystal Front, East Ryan",850813688,2025-11-23T19:28:00Z
CUST-0052,Corey,Schultz,1999-11-06,tjackson@example.org,+61475999545,"04 Brooks Court, Port Ashlee",768345826,2025-05-06T16:40:53Z
CUST-0053,Laura,Jackson,1945-11-18,pharvey@example.com,+61450564297,"747 Estrada Path, Ericaburgh",556444875,2026-03-19T23:27:49Z
CUST-0054,Charles,Landry,2007-09-03,danielle64@example.com,+61425077360,"Unit 67 369 Andrews Top, Andrewfurt",503872733,2026-03-08T12:02:39Z
CUST-0055,Joshua,Knight,1987-02-23,lozanojulie@example.com,+61441957857,"5 Dana Route, Ericaberg",380395348,2024-12-31T19:07:35Z
CUST-0056,Courtney,Berger,1984-06-18,kristina09@example.com,+61472601966,"456 James Reserve, Alyssaview",718095472,2026-01-31T15:10:10Z
CUST-0057,Maria,Scott,1996-08-03,scoffey@example.net,+61426802255,"Flat 71 368 Davis Little, New Amandamouth",353938474,2026-05-22T20:41:47Z
CUST-0058,Miguel,Curry,1958-05-04,xcarson@example.org,+61436001759,"09 Herman Edge, St. Reginaport",614187927,2024-07-19T14:03:01Z
CUST-0059,Debra,Wilson,1943-08-06,torrestravis@example.org,+61486908009,"2 Chavez Strand, Matthewsberg",952914468,2026-04-21T06:27:38Z
CUST-0060,Nicole,Pena,1997-03-15,rcrosby@example.org,+61494400463,"Unit 77 515 Brown Foreshore, East Stacy",464697921,2026-02-10T12:20:58Z
CUST-0061,Madison,Davis,1954-12-08,williamsmatthew@example.org,+61429969294,"839 Lisa Entrance, Kimtown",110728007,2024-06-18T16:26:43Z
CUST-0062,Joshua,Riggs,2007-08-31,lauren10@example.org,+61463760253,"39 Smith Flat, West Judyhaven",787596341,2026-02-02T13:35:05Z
CUST-0063,Daniel,Brown,1970-12-29,william17@example.net,+61476435869,"0 Ellis Artery, St. Melaniechester",817746580,2025-04-07T13:06:46Z
CUST-0064,Gina,Henry,2002-05-16,lammarc@example.org,+61496996018,"499 James Roadside, Shawnchester",616406951,2023-10-09T07:49:57Z
CUST-0065,Cory,Miles,1998-07-02,russellbeasley@example.com,+61441341866,"6/15 Edwards Fire Track, Stephaniefort",907691988,2024-06-01T04:01:46Z
CUST-0066,Carlos,Decker,1946-11-07,,+61465341643,"8 Santiago Mall, Morganchester",689738105,2024-10-19T08:25:31Z
CUST-0067,Miranda,Griffith,2006-05-13,michael98@example.org,+61497147061,"7 Melanie Highway, Dannyview",565613652,2025-01-21T03:03:41Z
CUST-0068,Audrey,Aguirre,1997-12-25,lynchdiane@example.net,+61409460721,"Apt. 244 50 Molly Right Of Way, Jonestown",329456790,2024-10-15T00:43:35Z
CUST-0069,Christopher,Moreno,1966-02-03,xpeterson@example.com,+61497479577,"Flat 02 901 Ramos Mews, Lawsonchester",980015714,2026-01-29T01:55:22Z
CUST-0070,Joshua,Fischer,1948-04-01,rrodriguez@example.net,+61403331211,"Level 0 690 James Drive, New Keith",794009740,2026-03-17T00:46:40Z
CUST-0071,David,Jimenez,1969-10-18,omarpadilla@example.net,+61493904817,"Flat 60 07 Michelle River, Berrychester",194711924,2023-12-22T00:14:27Z
CUST-0072,Keith,Sullivan,2006-03-19,lauriemontgomery@example.net,+61431053802,"Flat 61 696 Randy Gates, Jeffreyburgh",301847243,2025-12-15T01:45:56Z
CUST-0073,Charles,Schultz,1976-08-04,rebeccabailey@example.net,+61497983632,"124 Glenn Cove, West Stephaniefort",969771677,2025-01-23T21:48:15Z
CUST-0074,Steven,Elliott,1979-12-01,michelle52@example.com,+61434391131,"74 Vargas Hill, New Steventon",282398332,2025-02-23T07:10:37Z
CUST-0075,Brian,Decker,1945-09-23,gilbertwilliam@example.com,+61456258148,"93 Jacobs Promenade, North Shannon",419142771,2026-05-01T11:33:18Z
CUST-0076,Lisa,Monroe,2007-04-25,wagnergerald@example.org,+61461528649,"8/9 Michael Freeway, Ortizmouth",575487039,2024-07-25T14:17:20Z
CUST-0077,Erika,Williams,1983-05-31,cameron18@example.net,+61466934108,"Level 4 9 Mathew Riviera, Lake Kyle",249620302,2026-03-10T12:17:59Z
CUST-0078,Diana,Bates,1949-04-12,collinsnicholas@example.com,+61448072811,"8 Debbie Mews, Andrewport",457345534,2025-06-27T20:19:42Z
CUST-0079,Henry,Lewis,2004-12-14,ilee@example.org,+61452029609,"18 Ebony Walk, Port Eric",849742764,2025-04-03T12:06:42Z
CUST-0080,Henry,Schwartz,1982-12-29,jenniferwilliams@example.com,+61441558558,"94 Young Estate, Tammyfort",997792602,2024-04-11T16:19:37Z
CUST-0081,Rebecca,Lee,1986-08-21,smurray@example.com,+61431759850,"Suite 392 07 Spencer Circle, New Christopherburgh",949644622,2025-03-18T17:22:05Z
CUST-0082,Joshua,Whitehead,1950-07-13,odavis@example.com,+61450257225,"Apt. 606 5 Paul Bypass, Jeffreymouth",423593285,2025-04-17T15:15:55Z
CUST-0083,Sarah,Combs,1984-09-16,devinmitchell@example.com,+61479649780,"7 Gilbert Bypass, New Jasonberg",415298045,2025-01-12T00:47:29Z
CUST-0084,Ana,Acosta,1976-05-26,parsonsjohn@example.org,+61406527733,"697 Daniel Port, South Jenniferport",294903461,2025-08-29T19:14:10Z
CUST-0085,Ruben,Mendez,1956-11-13,qlopez@example.org,+61420939127,"Flat 88 8 Peter Pathway, Port Tinaview",329278712,2026-02-12T17:29:55Z
CUST-0086,Julie,Kelly,1945-02-07,jessicafuller@example.net,+61492289151,"Suite 058 27 Welch Copse, St. Benjaminborough",789355655,2024-11-10T05:31:14Z
CUST-0087,Bradley,Gonzalez,1943-05-12,zachary87@example.com,+61496150255,"3 Kelly Wynd, Lake Joshuastad",864195423,2023-12-20T17:05:29Z
CUST-0088,Samuel,Ross,1970-05-31,lmorgan@example.com,+61435023303,"841/6 Ryan Cruiseway, Manuelland",636666482,2025-06-03T04:40:25Z
CUST-0089,Mark,Phillips,1970-11-01,cjackson@example.com,+61424995675,"Apt. 596 01 Cox Viaduct, North Douglas",373472766,2024-03-04T20:08:29Z
CUST-0090,Cathy,Harrington,1942-11-17,youngdeanna@example.com,+61469175363,"Apt. 927 57 Audrey Ramp, Raymondview",489375610,2026-02-19T20:14:06Z
CUST-0091,John,Wilson,1990-07-15,jholmes@example.org,+61458470219,"Level 7 947 David Broadway, Thompsonmouth",431078925,2025-02-07T14:43:20Z
CUST-0092,Wendy,Cochran,2006-04-22,elizabeth18@example.net,+61412841302,"Level 2 2 Hicks Colonnade, West Joel",265448132,2024-11-28T05:08:33Z
CUST-0093,Troy,Ward,1979-06-05,jlara@example.org,+61452765983,"467 Hammond River, West Teresaland",155064980,2025-06-15T03:02:26Z
CUST-0094,Shannon,Frazier,1963-12-09,katrinaanderson@example.net,+61458958536,"824 Fernando Towers, Lake Stacey",778142436,2025-03-22T03:32:35Z
CUST-0095,April,Campbell,1945-11-15,cynthiapierce@example.org,+61463188016,"Flat 82 9 George Row, Meganshire",682730604,2024-09-10T20:07:14Z
CUST-0096,Blake,Shields,1946-01-13,debra96@example.net,+61401200531,"84 Webb Tarn, Evansland",825158024,2024-07-01T06:16:54Z
CUST-0097,Haley,Moore,1968-10-09,mharris@example.org,+61464628425,"562/88 Luis Path, New Shannonberg",978653391,2026-04-18T13:32:31Z
CUST-0098,Colin,Roberts,1966-08-20,kwright@example.com,+61414448812,"Unit 27 7 Koch Port, East Sierrahaven",816070768,2024-06-25T16:30:54Z
CUST-0099,Stephen,Allen,1980-03-06,,+61460132946,"Level 8 162 Luna Wade, Diazfurt",850564830,2026-04-07T04:11:54Z
CUST-0100,Brett,Hoffman,1965-03-01,charles87@example.net,+61457213631,"Flat 21 55 Fischer Dell, Porterton",614828402,2026-02-05T17:13:13Z
CUST-0101,Benjamin,Reeves,1995-03-08,ghernandez@example.org,+61448145030,"269/4 Romero Quadrangle, Ericksonport",107587699,2026-04-12T14:20:56Z
CUST-0102,Thomas,Smith,1963-01-13,whitneybrandy@example.net,+61444431475,"7 Coffey Way, North Brandy",146074085,2026-04-06T03:45:01Z
CUST-0103,George,Fuller,1982-08-27,rhernandez@example.org,+61443147116,"1 Andrew Glade, Hernandezborough",298836131,2026-06-12T01:06:43Z
CUST-0104,Robert,Hampton,2003-02-08,,+61447836139,"8/52 Barr Heights, Ericaview",320157238,2025-08-07T19:31:40Z
CUST-0105,Chelsea,Lee,1957-04-10,jeffrey44@example.net,+61455627464,"7 Castillo Ridgeway, Keithshire",599117767,2026-05-06T23:34:57Z
CUST-0106,Erica,James,2007-03-01,stephanie24@example.org,+61485188810,"Flat 57 4 Lewis Reach, Sarahview",848940678,2026-04-11T16:01:32Z
CUST-0107,Derrick,Gilbert,1980-06-01,brentstein@example.org,+61414013477,"165 Garcia Walkway, North Tamara",315958675,2024-10-15T16:18:00Z
CUST-0108,Tiffany,Moore,1984-11-27,mwoods@example.com,+61432828271,"Level 0 938 Robin Crossroad, Khanburgh",145735439,2024-05-03T09:32:45Z
CUST-0109,Sarah,Johnson,1997-05-16,vlopez@example.com,+61405279602,"499 Sarah Grove, Shawnside",219112660,2026-03-26T12:55:33Z
CUST-0110,Alice,Small,1949-08-21,znelson@example.org,+61403545169,"Suite 742 549 Gregory Siding, Wilcoxhaven",177550595,2024-10-13T05:43:50Z
CUST-0111,Mark,Morales,1946-12-31,thomasboyle@example.org,+61489694648,"37/54 Jose Intersection, North Elizabeth",967710137,2024-04-09T00:04:24Z
CUST-0112,Steven,Moore,1987-03-02,hannah45@example.net,+61490873254,"272 Adkins Rosebowl, Robertside",341051790,2025-10-13T13:52:15Z
CUST-0113,Roberta,Todd,1995-01-18,,+61453397377,"7 Miller Right Of Way, North Mariahaven",752827996,2025-12-27T17:52:28Z
CUST-0114,James,Herrera,1951-09-13,nwilson@example.net,+61483909422,"Flat 87 728 Bryant Brace, Chambersport",864164987,2025-08-11T06:06:49Z
CUST-0115,Jennifer,Foster,1996-01-12,bethwilliams@example.com,+61476949943,"0 Valerie Pathway, New Robertberg",540645081,2023-11-09T01:08:23Z
CUST-0116,Katie,Good,1984-06-06,ybrooks@example.com,+61494730324,"18/512 Rice Trunkway, North Katelyn",536301796,2024-08-25T12:01:31Z
CUST-0117,Tiffany,Ford,1989-05-30,opatel@example.org,+61461675213,"243/1 Lisa Mew, South Jamieville",500183689,2024-11-08T16:34:26Z
CUST-0118,Brittney,Griffin,1986-03-18,sanchezbradley@example.com,+61459384048,"3 Donald Frontage, Lake Barbara",569057070,2024-09-22T06:20:45Z
CUST-0119,Kendra,Cardenas,1956-08-14,valerieboyd@example.com,+61402256515,"Level 0 9 Connie Motorway, Williamsstad",660995821,2024-03-23T18:22:20Z
CUST-0120,Shelly,Powers,1993-12-12,heather62@example.com,+61459105972,"Suite 873 427 Anna Meander, Port John",134955506,2023-12-23T02:56:05Z
CUST-0121,James,Lucas,2003-03-23,christopher30@example.com,+61423963871,"Apt. 139 8 Timothy Grove, Susantown",924702218,2024-01-29T19:54:38Z
CUST-0122,Jason,Lee,1990-12-07,srocha@example.net,+61410134364,"38 Rowe Laneway, Fergusonstad",576477954,2026-04-17T07:11:50Z
CUST-0123,Kyle,Ward,2000-07-17,ugarcia@example.com,+61414083182,"Unit 55 09 Joyce Anchorage, Angelashire",231994405,2026-06-15T01:05:39Z
CUST-0124,Beth,Butler,1950-11-16,,+61433745562,"Level 7 7 Jackson Hill, West Jennifer",842376970,2024-09-02T05:41:51Z
CUST-0125,Tracy,Stark,1977-05-18,warrenmary@example.org,+61470384670,"623 Jasmine Alleyway, St. Nathaniel",523593515,2025-11-11T05:55:50Z
CUST-0126,Christine,Estrada,1982-06-08,bhopkins@example.org,+61401480932,"Apt. 084 4 Wayne Tollway, Drakeburgh",359636723,2025-08-19T10:40:26Z
CUST-0127,Daniel,Davis,1950-08-21,christineking@example.com,+61413737261,"15/79 Veronica Elbow, Gabriellaland",520288076,2026-04-08T19:17:27Z
CUST-0128,Desiree,Garrison,1992-02-29,sullivannicholas@example.com,+61401459769,"0 Christopher Nook, Arielville",661550009,2024-10-30T21:22:35Z
CUST-0129,Patricia,Ellison,1956-02-19,enelson@example.net,+61488000790,"Apt. 250 926 Kevin Right Of Way, Port Erica",222514379,2024-01-27T08:15:15Z
CUST-0130,Amber,Reyes,1990-10-25,masonterri@example.org,+61405104334,"31 Jacobs Round, Novakmouth",830070446,2026-05-01T16:37:50Z
CUST-0131,Anthony,Nelson,2008-01-03,,+61498734694,"Suite 961 4 Jennifer Byway, Ericberg",805330341,2026-03-22T03:40:56Z
CUST-0132,Jodi,Stewart,1947-10-04,hahnsean@example.com,+61474535663,"126 Hawkins Quadrant, Garcialand",562098509,2024-03-28T05:27:09Z
CUST-0133,Michael,Davis,1981-03-06,michelle04@example.com,+61403002308,"Flat 83 8 Gina Crossing, New Kevin",483605399,2024-07-18T02:56:56Z
CUST-0134,Trevor,Brown,1970-01-26,yevans@example.org,+61443056697,"Level 3 7 Stephen Copse, Adamfurt",501825165,2025-09-19T08:30:24Z
CUST-0135,Martin,Oliver,1995-03-10,scott69@example.org,+61472882402,"937/26 Carter Thoroughfare, Faulknerbury",124713514,2025-04-13T20:46:41Z
CUST-0136,Mark,Ramirez,1993-12-13,daniel93@example.net,+61403853269,"8 Stephanie Pass, St. Lauren",757766203,2026-06-25T21:51:21Z
CUST-0137,Marie,Jones,1998-02-28,ichambers@example.net,+61402673164,"Unit 42 6 Jones Roadway, Aguilarside",558713915,2025-10-01T14:47:59Z
CUST-0138,William,Knapp,1987-07-19,gibbsmichael@example.net,+61472292593,"352 Anna Sound, Rasmussenmouth",420471870,2026-06-09T11:01:21Z
CUST-0139,Tammy,Jordan,1941-03-24,jeffrey88@example.net,+61460474059,"56 Barton Road, Lake Whitney",429620319,2026-06-02T19:27:03Z
CUST-0140,Timothy,Phillips,2003-02-09,wilsonshelia@example.org,+61486454895,"Level 5 38 Bailey Centreway, Bowenmouth",527022406,2025-08-30T14:07:47Z
CUST-0141,Luis,Evans,1995-08-09,johnsonmatthew@example.org,+61441957133,"3 Andrea Ground, Mullenbury",187146004,2025-07-09T22:23:57Z
CUST-0142,Lauren,Soto,1953-03-09,,+61499313110,"96 Smith Drive, New Karen",332363576,2024-12-27T19:29:25Z
CUST-0143,Lindsey,Brown,1947-06-07,michaelgonzalez@example.org,+61455886046,"8/5 Carr Road, Lake Michaelmouth",454987256,2025-07-02T03:15:00Z
CUST-0144,Christina,Cervantes,1988-07-08,samantha91@example.net,+61460205469,"13 Wilson Landing, Port Robert",403285247,2023-12-04T20:00:32Z
CUST-0145,Devin,Reyes,1953-02-21,angelaburns@example.org,+61466540751,"79 Michelle Alleyway, Taylorfurt",483658779,2025-02-05T17:11:56Z
CUST-0146,Tamara,Wagner,1974-03-03,cperry@example.com,+61414677650,"903 Johnson Elbow, Garymouth",577397638,2025-04-27T08:14:13Z
CUST-0147,Ariel,Barton,1974-03-12,armstrongjoseph@example.net,+61464278450,"Apt. 783 13 Golden Avenue, Bakerland",286316893,2025-11-20T02:10:45Z
CUST-0148,Scott,Mcknight,1993-04-03,jasonrojas@example.net,+61496817585,"29/330 Patel Roadside, Lake Tiffany",386161831,2025-10-14T05:59:58Z
CUST-0149,Kelly,Armstrong,2005-04-10,taylorkaren@example.com,+61484001285,"22 Dustin Grange, Port Tracy",537007244,2026-03-23T12:32:18Z
CUST-0150,Barbara,Adams,1968-09-05,yjones@example.org,+61443000010,"Level 5 75 Misty Turn, St. Cynthiastad",410041302,2026-03-17T01:29:15Z
CUST-0038,Tiffany,Warren,1959-10-03,wallkenneth@example.com,+61454855148,"08 Joshua Boulevard, Heidiberg",959493501,2025-08-04T09:30:45Z
CUST-0025,Cheryl,Mack,1971-06-25,jennifercruz@example.com,+61455690194,"016 Gregory Tollway, Williamsbury",746243647,2024-05-04T20:57:17Z
CUST-0045,Tanya,Harrison,1968-04-12,elizabeth25@example.com,+61408145987,"Level 6 0 Miller Fairway, Darrellfurt",592114865,2025-02-07T21:46:16Z
CUST-0041,Chelsea,Singh,2004-12-12,colleenbaker@example.org,+61494785998,"281 Aaron Parklands, Carterbury",892052769,2023-10-21T22:08:23Z
CUST-0020,Joseph,Cobb,1947-11-11,garrisonjeffrey@example.com,+61406723938,"Level 3 036 Ramirez Bridge, Michaelhaven",735019865,2025-10-04T10:35:59Z
CUST-0067,Miranda,Griffith,2006-05-13,michael98@example.org,+61497147061,"7 Melanie Highway, Dannyview",565613652,2025-01-21T03:03:41Z
CUST-0066,Carlos,Decker,1946-11-07,,+61465341643,"8 Santiago Mall, Morganchester",689738105,2024-10-19T08:25:31Z
CUST-1150,Maria,Scott,1996-08-03,scoffey@example.net,+61426802255,"Flat 71 368 Davis Little, New Amandamouth",353938474,2026-05-22T20:41:47Z
CUST-1151,Laura,Jackson,1945-11-18,pharvey@example.com,+61450564297,"747 Estrada Path, Ericaburgh",556444875,2026-03-19T23:27:49Z
CUST-1152,Brian,Decker,1945-09-23,gilbertwilliam@example.com,+61456258148,"93 Jacobs Promenade, North Shannon",419142771,2026-05-01T11:33:18Z
CUST-1153,Danielle,Johnson,1959-03-19,donaldgarcia@example.net,+61405174340,"6 Anthony Driveway, North Anna",407180549,2024-07-23T18:45:35Z
CUST-1154,Mariah,Miller,2000-06-18,karenhudson@example.net,+61412475936,"075/735 Peterson Roadside, Angelahaven",870662831,2025-12-06T09:16:01Z
CUST-1155,Denise,Webster,2005-01-31,maryhowell@example.org,+61415910320,"19 Steven Fire Track, Garyville",870172477,2025-01-06T05:51:52Z
CUST-1156,Keith,Sullivan,2006-03-19,lauriemontgomery@example.net,+61431053802,"Flat 61 696 Randy Gates, Jeffreyburgh",301847243,2025-12-15T01:45:56Z
